Filename,Density
00a6b0d56eb5136c1be2c3d624b04dad.jpg,55
00b2567654cfadcda25f5bcbe44f4974.jpg,55
0011e7c3e74e8117b693861d9972a519.jpg,70
001af7aa97d673118c775aa8d93150e8.jpg,42
0a101bc1b738dcead7c21788971d051f.jpg,50
0a264b03decbffec704d704ed4d42095.jpg,18
0a11ee9bbf17933d9680f74d64e02321.jpg,60
0a162557b264e6af7643345ee1f73f5e.jpg,8
0a198af660dd4ea9940f99359a94cc88.jpg,55
0a20ec2661573dff6738ff5498faaece.jpg,40
0a2290abc9c03b9eb387ddbfff12092c.jpg,40
0a2527098baec3423635fe5d4f48705e.jpg,8
0a3555d4b3ed49fe2dd8b48d20601f4e.jpg,3
001cbcde0cc69b53331ab10afe4bf83d.jpg,35
001e349625800ed8699e698102ed282a.jpg,40
001fb1c119340b6ae228f4ff68f9ac15.jpg,24
01a337a58b554dfaf7da0b5c2b48d563.jpg,15
01a3a99db634b05fc19f2d06ac49d32b.jpg,18
01aa2c5c20ae6adf7df67d797ba3c8f6.jpg,15
01ab7d919cb8e8e3059497c5c0535173.jpg,15
01acc66739b4f7ea44a1d50db915a900.jpg,10
01ae070c541939acaed6f978fd9ceb14.jpg,12
01b1d087d00f67e4bedf0cad8a32a8a3.jpg,18
01b55c2aea91936fea31ba8a488f7b55.jpg,55
01b9f2649779fdbcfc5ee2935772d5dc.jpg,15
01cbfe1bdf3bf2853275ae308f52ca77.jpg,8
01d0cd4189c35961f46b5b87adf2fce8.jpg,15
01d469ab8f60dda538776c0e1af305ae.jpg,20
01d51b169d6073df51f89889ebd13510.jpg,55
01d524575ad7f3be2080305dc1dedc07.jpg,28
01da09fd1965f686f5613d00f749c202.jpg,15
01df962b078e38500bf9dd9969a50083.jpg,60
01e02cd697d2f647dcaedae6f8e5959d.jpg,40
01e79ce666e00c526e6e6fd6a7a8180a.jpg,8
01ea288cea134b2730c5965888e22b73.jpg,20
01f47bf1d6aebdd5ccc75e9e6782a5a6.jpg,3
01f8c129f7961372e3906173b34d206f.jpg,24
01fb871dc222684a9950609b62b76772.jpg,30
01fe2e2a6821e2809f73cec1dad3ebcc.jpg,35
02a1f8a224a880403eb6279619d1f262.jpg,3
02a8e10e58c2163abada818605c0743f.jpg,76
02af8d581e73669d0be39013a51a4c0a.jpg,5
02b3206d267eb7f354113b0c5365127b.jpg,18
02b99cd63c43cb758a4421dcbb112b3b.jpg,18
02bb56abacbecd1df58d7edf6b6bc9ed.jpg,26
02bfa44c5d38d04bdb6d6e22b647e6a8.jpg,10
02d154f528b82fb59fe9e7b2a049522e.jpg,20
02d253f51556e2e0af63525de2e9ff74.jpg,15
02d721ad8c872e33065398c929e92726.jpg,23
02de08598e97d5f0eb9d94ae05209cdd.jpg,65
02e3b82b19a1b1f8fe3061333ee7cb5c.jpg,20
02e8a3a33d01acd45a9cf13790ea0324.jpg,8
02e9b8f7d34b224f72ab6ead8f389efa.jpg,15
02ea268cddde7cf3a9a88484a9b8d19c.jpg,24
02eb65ae0e26b4c495deec8bbcb2d71c.jpg,8
02ed47f60d836a10a4e5b9a1628f986b.jpg,80
02ed54928234f2074d58681859bdaa40.jpg,20
02f0418f8a925fb7086b245c18c31859.jpg,70
02f3eb46b8ddb31c5be17172ce213287.jpg,55
02f4db45c7f384a0d105b7d81151dcfa.jpg,60
02f879224aa9f2b6122fadbe78c7e49f.jpg,55
02f8e30e8d30859fb0b01491a7b2b84e.jpg,30
02fe5233c545765557bbaa4131a88146.jpg,55
03b38800fb18dc2998bbce02f8022f87.jpg,26
03bc212124aba1eea604e6ae3ce49c3e.jpg,76
03bef4f436b444b0f984705dd9fccb0d.jpg,12
03c75f88f0465e00d47bfe02fea342dd.jpg,55
03c961ba5dc0f32e87ace26cb9884af3.jpg,40
03cc3ac3bddf6d8378c13803f5ba3b17.jpg,60
03cc93a37e73fc538bfde4c4de4d6dd1.jpg,40
03d2c5d6d79b76c89daed6bc88a2418c.jpg,40
03da83bd0115e2f0701c05e9ed7c57e6.jpg,15
03db631bfdce361f86e438ca97133278.jpg,55
03dcc9b624d283ca0bcbb19c57648055.jpg,18
03ddea921f1223e22c0008c3a9d61a09.jpg,8
03dec6da1995e32056d29a72fe256ed1.jpg,15
03e464754732750f5828aeb94af68b22.jpg,20
03ea8b1445b94e3084e5442c49a3bbff.jpg,15
03fd56d2b8ad85b9f1eddc9d07fa5c3c.jpg,35
03ffb4a465bbf5ed4fcd1f3984a22e4c.jpg,15
04a3e79996d3ea13d264d995e25c91c1.jpg,55
04a5ce35a1b0549342e36aba8d1c759d.jpg,20
04a5d9604fb950aa287f4b77007f2a24.jpg,28
04a8331b16046fc269a98947843cfcd7.jpg,15
04baa0b8f2804a6bcddee87f70a4a07e.jpg,35
04c1f8a8895d770a516f43d38bdf91d9.jpg,30
04c220f7a0ba195e529d3190c8ee1aea.jpg,80
04c44391c2867b9f0ee94af7599e5823.jpg,35
04c9b9305ae9a552975cceab2c15632e.jpg,10
04ca0cca9f965745a6ea36af1dabad02.jpg,20
04d12f9208108eeabe17add34676e230.jpg,15
04d68a4dd17d21a67e6a1c355c67938e.jpg,76
04dca70b316e240af7f3aef533944b06.jpg,10
04ddd99e0fad1aeca36740eaacdf5607.jpg,8
04de974520dbdfbaa07c6f87b510d15b.jpg,10
04e1ad74cad4789d66b680dc5a87e85a.jpg,70
04e5043b9f227da644d59979b3c6f635.jpg,8
04e591f40cb5a7bf619229b417c5d48e.jpg,3
04ed6f03bf81f1f24b2c64b5355ca60c.jpg,3
04ee9bc3cc4dc5d190c7dd713d2bc2c8.jpg,40
04f24e4cbc1ec6c9c7c0298da43f6139.jpg,15
05a3da0112d374d1d3c4e2eb8107fae5.jpg,24
05a587bef120fd75c5ff3084762b3a7f.jpg,20
05aa6c9841bb7efc478f7aa50a5f16ff.jpg,60
05acda977fdbb2a792964958c62aab0c.jpg,30
05b07cdfb2759f5274a3f94817b1168e.jpg,55
05b15c87de884d04ca3f271c965b399c.jpg,10
05b72c298742cda3772237d8806e52a1.jpg,60
05bcf6d71727bd7f8b0dfbda2c1e6c07.jpg,40
05ccc4e949e68d4e2265861fee7ee738.jpg,18
05d12de5d5b4298f0317d5799170e8af.jpg,28
05d52fd525eeaf70c526e71fd941906c.jpg,26
05da4a6b185571791bbdc7206d1a5483.jpg,40
05dc96041c041ef9d6ec1cb2c86d86bf.jpg,35
05dcd1c9acac34735d18ac328448a0c8.jpg,26
05e2e68b25c49fa3d09e96d9020026fb.jpg,30
05e2ede529acd0bcfaa3e565bfe36b1d.jpg,60
05e37ccf4d4ae3ba6375a8a7d83ef437.jpg,10
05ef9afc21687a041da2f89d2a18d469.jpg,20
05f5e8ffb29d27a73541a0d23893e5d5.jpg,24
05f94a0f37394a59f0711ad35d787b82.jpg,20
05fc4caaf313e4fed72c0f239735ceba.jpg,30
05fc8cb53034a6e05d54efc36eb2a57c.jpg,8
007b9ac3e2db01199be694b072f56e13.jpg,45
007bbe21cee36adbda9db043fba3c151.jpg,30
007e731724c46378037cdb8652d63c7b.jpg,20
05fdb16c86e8734788ed2989f5c92671.jpg,20
05fdfb0b1f98516f0305d7376dfa04d2.jpg,40
06a37679a6fb7cf6d0d3bb9daadcca72.jpg,35
06a407691cadae64cea5de8e8634a4ac.jpg,30
06a8b1a588b13f5b4d4e221ea516fba5.jpg,60
06ac8adc59f0c382153d574d8bcf12e1.jpg,55
06b13a94ed2630fdfbac7b62abe9712f.jpg,60
06b5d7f6e869feced16375ad2dbfd4e7.jpg,20
06b7d5cfe9b16079dc1c670efb7829ea.jpg,20
06bb29b24d251036283df49dcd1a0651.jpg,18
06bdc4f1ccb8a0c1672de8625aa3069e.jpg,26
06c7ba4ce2ebd96968eb73637b7aab61.jpg,30
06c8c5ca71c1be375a8915fe88662c26.jpg,40
06cc99a00e1b1b7a3af374ddf8f9f07f.jpg,55
06cdd12be528ea163f76f0dd3764697e.jpg,55
06cf2e4aacc55a88ffa3c3d73a998ca3.jpg,40
06d2e10c428c637ccd7da8734884be99.jpg,10
06d4b51c9a8d2e874d7c3f0dfa145257.jpg,10
06da3636e47508be7acad8039bf6f8b9.jpg,40
06db0cb97632a1f8144ee62b33705472.jpg,30
06db367152f78f7dc9635139a2bb77de.jpg,30
06dbcd8f718b2edbfaa7daa5f69086e3.jpg,10
06e3b706691143522063524c57643a12.jpg,15
06e41ae6d876da5119d826eee7f26fd3.jpg,15
06e45f96271c57ea2bc91b8cea79e23f.jpg,24
06e76791a18b89a828c2458340bee831.jpg,15
06e9016404e243c796622068475ad941.jpg,55
06ee17b6e588adcca9796ca5ed15437e.jpg,5
06efac8f52836296404da720793d2c58.jpg,20
06f3d652a41ecefa7eb69ac740f911be.jpg,15
06f424b51f160d30abde95305ff1d317.jpg,52
06f80e7c3144a542dd0011cc4a73f81c.jpg,40
07a645615b68f9dbe9d940ae70cf995b.jpg,8
07aef1389177ff428c1f78ef882e704f.jpg,76
07b0f44873a157eda249ee6268683d74.jpg,20
07b2024abd4c990fda9965c298711a08.jpg,40
07d72e026e292dd4f303e3e4841cb33c.jpg,60
07dd04fa798aa0ff5770c38ecc91e7c1.jpg,55
008bc6050f6d31fc255e5d87bcc87ba2.jpg,10
008bf14efd99d9d8cb46589e7d0268e8.jpg,40
008d8e9f0c87ab7ee45c88494c921c2a.jpg,15
009a0c1f35e8bda31fe1b9c8d0d9e57b.jpg,49
009c030ed53e82ad3d42ee3072d3f713.jpg,26
009e539fbe294fb3f22022e56faa7600.jpg,35
009f1fd9416f145f0f9bfb7829ffa6a1.jpg,40
07e191bc54c3378f9fdf23ddecc47420.jpg,20
07e41b0d9eff2d2f6a884a4ab7f5cdeb.jpg,20
07eaa16b2ca0320f67823a5762ccf4d2.jpg,48
07ed7dcf148867f2c03c86fe156d6e88.jpg,30
07f1d503164d2534ac5865e837a1eb08.jpg,51
07f468d6fff5b3e3b512e4b95cf0cdda.jpg,40
07f5863348560d0507bba86c8bba0586.jpg,20
07fc991a51222ef5e5e4e14431465e34.jpg,51
08a72a9160806b7b9334325d8870fa75.jpg,51
08abbb0799e144bff5b06fb1e6a16823.jpg,15
08bd61dc46eefdfa6881d019e7103ff1.jpg,10
08c4c93e7f0ad35319f072365533892c.jpg,1
08c549caf4a395221b35581c5c4c27d8.jpg,85
08c7a7f22d8f8cdb02073a37fcb46eef.jpg,20
08cc2a6ebf27d97e9b14458342eecfaf.jpg,15
08d490da77b0a0b78e071ebe56dc64d6.jpg,26
08d8c0470bc7702ca44b5a6276b25f38.jpg,40
08dc75187ec597c673f31e47bd2508f5.jpg,30
08dca7c3deadee07970c0e3b94bb9f0f.jpg,20
08e7eac870309da772a367c52b586733.jpg,20
08ea8a831eb5b8b8a2e03661a6b17dc7.jpg,15
08eb0a7e44720acb4cbfc07005b78421.jpg,26
08fba2418456d1cec5e8d502519c5a0a.jpg,15
08fde7d2098b4d924dbead7edcbd8ac6.jpg,8
09a68223f6735b9a5a61b6a4a1a88312.jpg,10
09ae1eaac08b4663905f5b7bd0bf5ce4.jpg,18
09b20d9ef71a6c11ae6f440475d6db56.jpg,45
09b79f45139840290049138ecaf3f9a2.jpg,18
09ba71266fc197aba240e3baca5bc2ae.jpg,15
09bb44db8414ef0bea85e8da4c8d3160.jpg,24
09c469e3ea3fcac9657ec1555f423e9b.jpg,30
09c7c41323c29e418790f733ffb291c1.jpg,30
09c82072fb932b45003f19ec3a938972.jpg,26
0021a0557c913b0bbbd9b19cac8a5d66.jpg,30
0023a34e6da7f2e0ce21c6edaaa6b044.jpg,40
010a74f3faa44e2b33596b4095825160.jpg,20
011ae2b44e19d1008ad31c02bd9bca62.jpg,30
012e8191adb9149484cc1efc587b6998.jpg,40
012f3bc12ca74796411eede4e2c4591f.jpg,76
013aae7f70bfaf34e621b6a922e2f7a4.jpg,35
013b57bd8031379886c898ebdf3856fe.jpg,20
013e4b7bcdaf536c4e37b4125ab8148b.jpg,35
014c0ffd807ff6b77affde714f20f544.jpg,24
014c1e5620abcb4380d582f8545fcaf9.jpg,30
015b30ebc88cd1b2edc5fabdd3817b5e.jpg,55
015edb61b63eb965121d6167b483786f.jpg,45
015f3799307f9b33b48366bd4f54306a.jpg,10
017c384a1e881f0eacff46adf2940d05.jpg,35
017d8114a3fb892be63cab5189b88198.jpg,24
019b979a1e5e4b6303cbf412e980fbee.jpg,24
019b9f6365fa641db040b5b643fadc42.jpg,30
020a5433c9b16a5c493b5d9902d08e90.jpg,45
022bddf1e41c8244acbf03918ca68925.jpg,20
023d95639b21bb9d8740a68f8fb29585.jpg,80
023ee59f2ea80dc22c2e3593daeed7f2.jpg,35
023ef76ea06aad586953455a02d75fc5.jpg,10
024c725d404a8276ce75c49693705063.jpg,40
024df489163da4804002e1b77d7160d1.jpg,40
024f073c6529d7f7b3f95fc589f40d38.jpg,20
09cff760db2769d4706b492938770656.jpg,5
09d0e826f41fd76c096f10f58a737a0e.jpg,30
09d71ae86ca0383de5dcbcc40fa421ce.jpg,20
09d7fb08eff333902ba09209f9f99762.jpg,35
09d8718dfd262792de5bf098bbd3c056.jpg,30
09d962380c374a20a5360d206ea4fbda.jpg,3
09e2ee1a214fad17ad136d4815b1a6fc.jpg,40
09e75ac07373f2e576fdcd909993b3bd.jpg,20
09e869ed9d4ea2d17ff455ca726dd075.jpg,76
09f1e7a3e95234a1bc4675d9807dfee8.jpg,12
09f616de957cb44f4b9561579bdb229b.jpg,30
09f77e43d39395da01e2a0645f854b53.jpg,40
09f781a53f770444d4efb1fb3d3a9856.jpg,10
0027b96e3fad26237fc3b9a4e3764569.jpg,40
0030e8ecd610d6a0d1a53f2c2ee5cc20.jpg,24
0036e73b1bc4c5ec34779d0af16ed812.jpg,20
0036ef18b5a768eb6dea602486363d7e.jpg,55
025a6d27ef782cbe382d3325e0f67689.jpg,40
025deb287a60273e88f13047621df3ba.jpg,15
025df0d3645c1abb3338dec7eb3bb8fb.jpg,30
025e8bf895b273d9925a88c0f295bd09.jpg,35
028b94203f1f6a3335e20dfad5b68948.jpg,55
028cd95e334ed277aadc7c50c024d962.jpg,45
029acd22853c9a5b7c5edf181e72411a.jpg,40
029bce64717d6abfa8b91da845e2369e.jpg,40
030b7a88244a1570d5ee47a32761ed2d.jpg,48
030fd303a761188259a341e5121de74c.jpg,60
032ab9e0ecd5fd673517ffa3eb805d15.jpg,26
033c3a8952ce3b546b0caf954b1a554f.jpg,45
033e4f9ee05749cd591c958aa873dc8b.jpg,35
034d4806fba1ea27cb26a890364a30ce.jpg,48
034e6d43d17f791c356a5b7766cf2be1.jpg,15
035b0223ac7c0f0b3357ddbc32515510.jpg,20
035d5055f38abdc73dfd88858bb6de38.jpg,24
036a4c862065d31d738e69badcd4b066.jpg,28
036bb050106fefeb23f7841792be7278.jpg,24
036dc6ef0858b4bb338315b408e6fa28.jpg,51
0043f4c6dcef03411ff40149e1a7db3a.jpg,45
0047aa1ae897453c44092f0552966d04.jpg,24
0048c48d3a3cb19da00ffed4457ab8b5.jpg,40
0052e86bc9f1518d0ac744f7addcb809.jpg,55
038a667ad8327337f5d4e32c53c4b82b.jpg,40
040c1ec439cb43a37d2e260ff3be41b6.jpg,30
040cc172596bded4092c44094dc33fb7.jpg,45
040dfcb412a32d4cad4f560f674066b8.jpg,76
040fb9e96d6619afdb69aae3893bebcb.jpg,70
042cd6b20dbe0cc2d1969abf12847622.jpg,40
043a2de5fb71a19bb8cd1a96d94188b4.jpg,45
043f8a50170c20d0aaab3810b3941252.jpg,8
044ed054e260ed615ee390d790e21d0b.jpg,30
045d36851e9ecdae58dd9ae5736f0918.jpg,15
045e4a89c3db110d31a7771c6e1e2df5.jpg,2
046d21143320b4670c60988239bd030b.jpg,30
047d83ae85e4dbf1934bca1379199f82.jpg,60
049b8ec439f6ca45402c9b2eb216f4ed.jpg,15
050c2f6caf47f439d62e1fc8942396f6.jpg,45
051c9cdca609082df5257bde8b1ec127.jpg,10
051cab78cc34935e39f6133fad298923.jpg,24
054af6f0dde5d26029bb3bdbd61fa3e5.jpg,8
054cea8996f6a13e684a59bf46c0471c.jpg,15
054edf22d0d72539603464df0b4b46f1.jpg,15
055a4f16daeef8e7b8f677a8b87257c7.jpg,15
055d7047a93350ca256d93de43cdcc4c.jpg,40
056db1f07a4a40ca2652ac37987f482f.jpg,60
057d3b6d471d485342d484045bb667c0.jpg,20
058ccaa5cda84a6818040bd237eaca35.jpg,60
058dadc4d0a2de9f98c3cabada08703e.jpg,1
058e5f91678b4d3dac39bf1b6a798a22.jpg,55
059b2e9e0dfe56c334bf6202a3684b91.jpg,76
060d271ab49c9076607a99260f7469f9.jpg,45
061bc49a16cad3bc2b479993f7e689f8.jpg,52
061bf98fabad5f9d99fb1919346a3a76.jpg,26
061c11537a514e894a296a7d72064a90.jpg,80
061ffe1efe42d2421bb913b5f0cd6d0a.jpg,20
062a18f4573b5f00ad2a0ee1de37b99c.jpg,74
062bdd1077b91c3448dea8430eb6e1b4.jpg,40
062eaa8aee8ee715eb842dd23ee00edc.jpg,15
063c69a45decd298db6b6f286436d01c.jpg,60
0071fb50c07c4c6f49df3667b8715d58.jpg,8
0077cf9b17659aacf770131a44deeb21.jpg,30
063d53b6325ddfdbb7062b4a972186d1.jpg,40
063e3c9dbcf2f26a8a2bc026061e8b6c.jpg,15
063f361fcbe1b0efe959ad6439971472.jpg,40
064a87d91e72d953c3a916fc6e71426e.jpg,65
064df309f0478afc3be47ee9f222b854.jpg,15
064f024583e9c1a7f0152f50aac1d16d.jpg,35
065de62374a0b8155cc753ddf5962f74.jpg,20
065dff9ca03865c90dc1d89bc0d51d7a.jpg,60
066baba8c1172347566b6eef58583fa7.jpg,60
067c039b172360f96d8383eb8d4a2682.jpg,35
067ed66b9269030560dade364eaf1d99.jpg,48
068ca95564b6363ad81e32775d1be92a.jpg,35
071da0bb18f9751a903df578493643da.jpg,20
072d3d5d421242b5de47d4e21ace28f1.jpg,60
074c2f6337fff691f72a67f51e9150ec.jpg,40
074fe0be955da68e8d0048652b575634.jpg,45
076c4ce0e89282066aacabd68bd8d98d.jpg,45
077cd7dc6fbdf3179e8fb17f2a243b91.jpg,8
077d693bab223930e04b6ade5b99c486.jpg,40
078bfdfd6cdc42fd8e243693e2dcd385.jpg,15
078ec26551e6adcf2677ae1a49c8b2e7.jpg,20
079b1edb6b75a91147f6a25dcc6d761c.jpg,40
080a3c45a0d31439a8e3bb9e2692df0a.jpg,10
080ae63de0987c15e1a14ad4bf689db3.jpg,10
080cb4294712f164c060aa5765497f56.jpg,60
080e798dfe138f8d82bee5c05a90a01d.jpg,20
081ce580722768b04910c4fb36e31f6e.jpg,60
083c9d1cb5da5899a3697adbd83e942c.jpg,26
083f21af4e0f6b0f785dd5dffde0ed3b.jpg,26
084e9be8c3708cf3d9664d82f679aaf1.jpg,40
084eabd478f0c2f28dd97a35e566f993.jpg,26
087ef782f92532b9da197cebd48af9b7.jpg,76
087f170536c8d2716f99cdebf57bee12.jpg,45
088ea051f787f41359334a0dc5298e58.jpg,1
088f14da00600806c5fbcee17fecb28b.jpg,15
090c283cbea305c905eddb6d2ec3f7c8.jpg,45
00095c0bc0043119471c227b056939e5.jpg,60
00104c12656c7d97e69fe4b097d90430.jpg,45
0102ef460bb7a9f7ffe8f3506b5912af.jpg,10
0103fc3489dfc797d8d8552cc6272630.jpg,24
0114af40c446680f1e43d805b0eec249.jpg,40
0124ae37e00275ccd76dd95565ded85a.jpg,35
0132d7c1753efb8316f18cd5e6df8e20.jpg,30
0148ecc9493f5f911b1c99bcf1dd7b91.jpg,45
0158b2c290d79b927d8d641d0d696965.jpg,8
0159bbb5f3513dbf9e83549b99fb6c89.jpg,60
0161d5285a337b2a67dcdec29662b231.jpg,30
0171ab32059f4c226164a13c311f6824.jpg,85
0173c6e1773e18b479a95a11acf8125f.jpg,10
0176bd63da4d5e932fec5c4d115b0656.jpg,10
0205bd58707aa7df144d6f4062dd9a4b.jpg,20
0205def375e7d5b45cc8ee505cec0181.jpg,20
0218fff4e564d49dc159fa98db411c50.jpg,76
0228a0c3c65d83e70bf133e5ce5adb0f.jpg,55
0257c4237cec09614a6a1501c73919d7.jpg,90
0260e345c449baefc70f023b9c042ffc.jpg,26
0263ac33ea388446f5ef9b5d074cd7ac.jpg,70
0297d8ce7bf4a47ab8b813d38e02b227.jpg,35
0298a7e443b178300c714a59a3883576.jpg,8
0343fc32a39fdcfc21fb13906e9cc6ca.jpg,76
0361f3c376ca72f2c6e56635452a2f0a.jpg,55
0393b674579c2e09529b55deec60166b.jpg,40
0397ba6ec759c836c0fde966b5b9c369.jpg,30
0402db785ed85ea3378cebadd14680be.jpg,24
090d1480c773629664e69cbbb18801f4.jpg,35
091c9986aa84951782e2a76d18e1626e.jpg,15
091e8ca6357e7ba4877b5985297afffc.jpg,48
092daddfab23c3096b43225d01d34d36.jpg,20
093d53e3e38fd8ec77de7c47c1e317de.jpg,55
096c3c41c715dbc508059d7f062a27a4.jpg,40
096c59a2599386880eba306081a81efb.jpg,48
096cc0a03198a6ee828e92b6eaed4e78.jpg,15
097a98cca59a71b1c364537aee4f945a.jpg,40
097f13dee9e53dd899ae1b3b84637432.jpg,80
098bd70f22409687888f5ce005bd3fb1.jpg,55
099a9997fe2cd7888e9494bda620a8c7.jpg,15
099f0c3543290353a5a27f4a54b035b9.jpg,74
000470cbf12fe2b285cba99286a9a4fa.jpg,15
000611f8c6a44659a1813f4019241829.jpg,76
00486d657f38482cb074d85bb970c763.jpg,45
00553b5bec54e20dc9ae52331ff12095.jpg,40
00577aeb54e50361885de5417c9a60e3.jpg,20
0404ee33246fdae4dac260b64fd11623.jpg,40
0415ad24f6c9efbc0c7a6bd3a9072e34.jpg,55
0425feb0ff36ffd9e43c38c47de04fc6.jpg,15
0426e31fea8079ce30b796c80321a17c.jpg,35
0433c111db494f970a6cfb6cb8027f53.jpg,10
0437d84fd533a5b1a95592cc2c6b40d4.jpg,15
0439cef9d78dd8bc8164b6a316caefdc.jpg,35
0481aa2c19c8a7722179a73b1e4e7012.jpg,15
0487d78751f8a153569bd55ebb27f1c8.jpg,20
0499c489fd29c07f4ed75e296aa54107.jpg,15
0512eba40f343332df4758ea376de0dc.jpg,20
0520fd058bcfb2a9f6c143004113f499.jpg,80
0524b7afd6d4d02101543e1ce3cef30a.jpg,55
0528e89707550f54d3677dd55b11e698.jpg,40
0536db66970348e07076e0c0e683b190.jpg,30
0541bd86cf0ab3e428261a396f73a2ed.jpg,55
0556a632ea75ca3c643f89bd399b91ec.jpg,10
0559c23c3649a35a86f3f6a22513e0b3.jpg,60
0572eb892301d32cd27d7c361f8798c0.jpg,40
0605b9b502acec2a189a91570ac965fb.jpg,48
0606c06af070531311e7febba2bc125a.jpg,26
0640a83af17f281c5b3a0b5fa397dba0.jpg,45
0645c6b089a00868fcf8e00e01160799.jpg,24
0704d9932ffc86684123b837724b1025.jpg,45
0720b1b9e6d0a6d5d859f94f675c2a83.jpg,55
0726c2eb216c0804d228ed10112817c2.jpg,15
0734a9dc7d6d89e8c91458545afeef9d.jpg,40
0734b5b55922ed00222da82e1abc79b7.jpg,40
0740aed320baec685967452eaed4f6c8.jpg,30
0760aa7644fb890b77030391ed6352ba.jpg,60
0764b33cf067041901e39fdec95bf9db.jpg,76
0808aab255b9d5f46e3ea26dd4f6cb78.jpg,45
001194df7506fcdd2253071de38d0707.jpg,55
003691be91c73cc472827c30d8358a46.jpg,40
004741b3fc6579a6d76fe45d116fc89f.jpg,15
00927cddfd0ceed04c63c555c5f4a15c.jpg,35
00939f7a0c1c324f8314bff9a2bf964c.jpg,55
00946f51af23d51b74642c24f131eee5.jpg,20
01063a8571b3ed30201ea2e220c50d53.jpg,24
01922b9433340277caeed842a5dc2324.jpg,55
01937fac58ef0240f3797a5b63903857.jpg,45
02009a42ed7962b0d9e3e4f93e91d847.jpg,45
02058f8f02802166fc8ec3c0ef681bcb.jpg,40
02236ba6ae89a0051144b957ebcdc7d7.jpg,55
02372ebebb3b09eef16d92b66995c447.jpg,10
02466a0f53e10d20c4886decf214b629.jpg,76
02895cbbcb504f54c6882c4c5695f563.jpg,45
03136a1057eac8c4ca8cf0300a6aaf0f.jpg,45
03256a1cd6e85638f299710b7d1ddf2f.jpg,10
03411e5d4d10b79ba7afd6361dcd4f95.jpg,26
03551b175c06791d3c1f76a935e58405.jpg,20
03674edf018ba8eef3c2857d1aa3305b.jpg,35
03890bc0ff4b3ee62de7c5df6d98ffff.jpg,40
04088fd3f128fa108006cf9fc8b162e2.jpg,80
04321bf9718b3fbcb904aff875422efe.jpg,55
04468a14bae8beea2825728bb3935479.jpg,90
04641f4ded035d9cea5310a7c9122287.jpg,55
05061b5281b40f5da0fb870c3d123daa.jpg,26
05287e9449afeb61324ca39056bcb5a9.jpg,30
05457d41703daed7f9bb5e70ae7914be.jpg,15
0823c65e5d1540145a3d452b1dd9d83e.jpg,20
0860f56cde9bd39dde73f2225c5f5023.jpg,45
0874aa7e744445f38cc02ffd083890ea.jpg,10
0890fbee146a44a2864bb52735f107e4.jpg,60
0899cd9d5d49ad67bb7faf1d3ddfefb0.jpg,24
0910d745587cc7fe05b07ce16e16268b.jpg,35
0918e349118c517fc4a4fb777938c62f.jpg,40
0929fe2853c9cae1c8ca154e307d72eb.jpg,40
0932c34927e47cee368df4085bc41f98.jpg,35
0946e94988f27e90af7147d4e6444d2a.jpg,10
0953b01dfcb2ae000cae0a10b610fdcd.jpg,30
0972b4844f07018e395a624617c30d0b.jpg,35
0974ba6d4ca858d8cb1f0e08b320370e.jpg,26
0982a797413a84a002f52ece6eee0cf2.jpg,76
0984abd4900d5fd5d96eb17acb0cc62e.jpg,5
0013347e3014bc2cc8268a321f28c2e1.jpg,26
0033486d8e272f4914b6e6220b21297f.jpg,45
005869cc3078b5868e83197922b74c62.jpg,20
011542ad9bcacf3ab23b07d9f61be440.jpg,15
013574ba096190e923131682ae96d252.jpg,45
014504a6a552f98219ed0a66550abc14.jpg,10
014566c91fba30f17c700e6616f07942.jpg,12
015525b67aad191d376f0dfc3cd73e14.jpg,15
019670baba22a6c23822220f1dde0e72.jpg,55
019694a4ae632f53891c466780d3cf56.jpg,55
022332a05809c5989e77881194d56cbd.jpg,45
026584d67d4543b8c6e3d9a680d40b48.jpg,60
028652e6cf22ce4c78e163e161a50035.jpg,76
040497b3aa7a4bd059e593dc4ea26949.jpg,5
041897b571bd2f008bd4c2648d557c6d.jpg,60
042886ff40753175e5e4270f3ff1f8ab.jpg,65
05788e8b762aca34352995c45cffb3b3.jpg,60
06691f5dc2caa5f72c05d4b26af810cf.jpg,65
06831eb4b8eaf0abca4950f3fea56d7c.jpg,20
06932f056e312740cf68b9a9768751b9.jpg,8
07098f0b2eedd70c6883678a89c924b7.jpg,45
07113fb0e24edd63db2b28980d4b88f2.jpg,60
07201fe836589f8ec5173caf0499428c.jpg,10
07851b3daac825b88f76566f18ef45be.jpg,10
08382f717cffee8c369e4f39d990c0a6.jpg,55
08457a82bc3625ad67ea3b7e2a5e544b.jpg,60
08490d6ee0e276c8a4daaf106d9a01e0.jpg,40
08684b2b3a5914021f8f49334eb28e6c.jpg,65
08806c1f309c5f9fff3c82bb6c5c2794.jpg,45
09025dbf5abd08828ecd4ebf03724341.jpg,24
09080c6dfd6b25f663e9ac1864c740c8.jpg,15
09377ecf2810f1487fe54068bf724ea6.jpg,40
09583f0b988a2663d51f97fca5c3e2f1.jpg,20
09752edd7f169dee8968f1a4a2d317a1.jpg,60
00428762ed67f04118bdb512b08a0513.jpg,80
00529453fc6f6ab4d2dc61b0ac5e09be.jpg,85
0054157b864fdec43a8519c33774ed68.jpg,48
0055985d501ed5735ad4360dfa91a602.jpg,60
0067144f99fc95bf1633b72eab0cc0f2.jpg,40
0112888ebb711f6e8bacc5076928ce17.jpg,15
0153484d2471a8cee37036e37225ba94.jpg,70
0178810f3d306a7aa66eeea226b85846.jpg,30
0251626a4fc9a399779129e0381638fc.jpg,35
0253174b17f4b3c561772393d55d48b6.jpg,40
0273181a64f5bbc11d491b19965e31cf.jpg,40
0388803a5091a34583b147e7bc81a314.jpg,45
0422836ec6d22204429ffc6e9496ba12.jpg,10
043274d2c4fc673ae3f7086d802e1063.jpg,10
043973edc26476a0d82629ec5a166913.jpg,35
044560be48741d6c344395686c892943.jpg,15
044871fcc0dda40a47d15e694f4abbd6.jpg,26
046880cfce60f54f0a82c534e3e4a353.jpg,26
048555fc8bf15f6d021f595ca07aead0.jpg,45
0510873ed4154bff9feba071c707944f.jpg,18
051144a61d3f6288c36bbd79be5a0a96.jpg,40
051525b959eefb14e973acc7ab8fcfe0.jpg,15
053463a152fc77e38a81ca0928a54aaf.jpg,10
0588028fb6b69d49f4575317ab758fde.jpg,15
0602173c47d1b21fe548b2d852433a03.jpg,20
0609655dd655f20ea7034e681135db4a.jpg,10
062136f152cd5d8a049e6056844337f9.jpg,55
064307eabb314cb6dfc440b58a2dc650.jpg,40
070170f7ee43d9304852fafdde498b05.jpg,30
070673c306a0fb0ef811f8b22f96fbf1.jpg,20
072203cf399f424bbeaba858f40398bd.jpg,45
072319cfb1594dff76bfa7fc9451d4b2.jpg,15
074582e428b302863937289bbcd0c40d.jpg,20
074775a9e94c93ed3ee32a82d2864c68.jpg,26
076716fce896a4d4571a1547ea70b299.jpg,35
082552f1f3280c834cb68bb8e26a214b.jpg,45
083405a27176a8757d635803ddc234f0.jpg,60
085915d953d1dcb1b70b6c3b8e68e1c5.jpg,80
087224f3a46c26c776d05f527c49a097.jpg,20
089670adfdaea1ef4e60b7174c8ecba0.jpg,40
093792a2fed943297d478f6f03c6aa79.jpg,35
098264a2f3dfc30b2d5b80a00cb2ba5d.jpg,20
0009951416aad84eb87f1b94d89ec991.jpg,40
002460132586dc0c7b88a59dce6e77bd.jpg,48
0033845456c5f39f776b40e60378d066.jpg,2
00857417d07096982013956033da1f75.jpg,48
01429480e2f29ce823a77057e316a83d.jpg,30
0143401573fec5e1779341b6b212959c.jpg,20
01521290ffbaa7a1f036abfc544618f5.jpg,26
01599597388f3185563decc34945f6b3.jpg,20
016266451bdd465d54257df544b4368b.jpg,48
018876216af810510feec9495e16d63d.jpg,20
01958718afdf303581e758cdf34eaf8a.jpg,20
0222102185e2b857abe225d1eb5491a2.jpg,35
022785725cc57023a8f65f47a104731f.jpg,45
027244994968b700470e5945b7a801f9.jpg,30
031592807c30b54e2fb4bd2400e634e8.jpg,60
0378531558ba488b784a9a533fae40bd.jpg,24
042733688eecb852ea06140448a8b1bf.jpg,30
0439375365bcb21da3eff31ec34cea91.jpg,55
0439739166db11abd39ad540f7f66023.jpg,35
04473469883823161b240de119bcb30a.jpg,40
048442000c4a83196f09dd278f743b3c.jpg,45
0543622022e1d1c54a8971fd87bcf597.jpg,90
0554648840035782faee16ea072c3cd2.jpg,51
05619054c7c3990b9003c902c381ce60.jpg,20
0593451876fc7327b87779c841295738.jpg,40
0617228cda6b7bf0676bbf8e79ee1808.jpg,45
06258901f97e4ee3bcbb0c8480652da0.jpg,35
0640632f74e635db1a56cd7037b4296b.jpg,30
0652844c6396bcbd3c632808a7ab4d06.jpg,15
07248433b3d019f6ee268f32a9904e36.jpg,35
074299330d1c1adedf9728812efdda0a.jpg,60
07538757aaed3e3ec36ade09cfeee0dd.jpg,45
07632689107f760cac39f076d2ff62ad.jpg,55
0771994d1d5cc5890fc7fbd6770e6234.jpg,35
0773132bf1cead4c008d079d22a5a62a.jpg,30
0775147f75a05c8291691745d39cad4f.jpg,20
07902227cde8e3f2974daf8098577bde.jpg,24
080220733f46127184e6e0158d66c2e3.jpg,30
0806729f6ebeb658662051e8bdcfab3c.jpg,20
081305700004482444eee34bed4ba47e.jpg,40
08163257a305a3b3f16c1da1ed99eefb.jpg,30
0819693a4a4600efe087472f45c6e891.jpg,10
08302998f3ab7deb519966e5c8607757.jpg,48
08601358846a856319b2dd5386e541f5.jpg,15
0860906217802c468d86595af3304b1d.jpg,20
0862166d4618930eb232dd5c2db6a42f.jpg,65
0881005cf9b80a034201902ec4ec0ce7.jpg,5
0900930622d78344e283e5295f4b2132.jpg,15
0901685471c2fe66ed24ce41a07e8393.jpg,1
0920077c386981c6e998d7212fbe4620.jpg,60
0939019fd916e0748e07d9546cd8bdf5.jpg,48
0958171550d62f0b58dcdb2aad171bb3.jpg,35
098735637a6efd988e80ca289e0c4576.jpg,10
